generation,best_fitness,mean_fitness,worst_fitness,std_fitness,n_hospitals_large,n_hospitals_small
0,1.1895997762376638,1.2310182097079374,1.278914175913427,0.033350544892422083,30,50
1,1.004968058280273,1.1539539949501418,1.3058891705168114,0.09725894962931167,8,23
2,0.897920054384388,1.065806461986527,1.146371034899172,0.09943604178805004,4,13
3,0.897920054384388,1.113953581259305,1.2222079171013207,0.1368572894532604,4,13
4,0.897920054384388,1.0827621549251345,1.1289726800603213,0.09242105027037328,4,13
5,0.897920054384388,0.9748837092799656,0.99412462300386,0.03848182744778877,4,13
6,0.897920054384388,1.0827621549251345,1.1289726800603213,0.09242105027037328,4,13
7,0.897920054384388,1.148590778595,1.211258459647653,0.125335362105306,4,13
8,0.897920054384388,0.9748837092799656,0.99412462300386,0.03848182744778877,4,13
9,0.8496497873548768,0.8593038407607791,0.897920054384388,0.019308106811804483,8,24
10,0.8496497873548768,0.9511172869745469,1.1749826495387914,0.11910167720784823,8,24
11,0.5935775476023705,0.8591758900891031,1.0,0.14855210914991276,0,12
12,0.5935775476023705,0.9187155095204741,1.0,0.1625689809590518,0,12
13,0.5935775476023705,0.9187155095204741,1.0,0.1625689809590518,0,12
14,0.5935775476023705,0.6257301717984058,0.6337683278474148,0.01607631209801772,0,12
15,0.5935775476023705,0.9187155095204741,1.0,0.1625689809590518,0,12
16,0.5935775476023705,0.6257301717984058,0.6337683278474148,0.01607631209801772,0,12
17,0.5935775476023705,0.9187155095204741,1.0,0.1625689809590518,0,12
18,0.5935775476023705,0.9187155095204741,1.0,0.1625689809590518,0,12
19,0.5935775476023705,0.9187155095204741,1.0,0.1625689809590518,0,12
20,0.5935775476023705,0.6257301717984058,0.6337683278474148,0.01607631209801772,0,12
21,0.5935775476023705,0.6257301717984058,0.6337683278474148,0.01607631209801772,0,12
22,0.5935775476023705,0.6257301717984058,0.6337683278474148,0.01607631209801772,0,12
23,0.5935775476023705,0.6257301717984058,0.6337683278474148,0.01607631209801772,0,12
24,0.5935775476023705,0.5953445170122521,0.5957862593647225,0.0008834847049408179,0,12
25,0.5935775476023705,0.6257301717984058,0.6337683278474148,0.01607631209801772,0,12
26,0.5935775476023705,0.5953445170122521,0.5957862593647225,0.0008834847049408179,0,12
27,0.5935775476023705,0.6257301717984058,0.6337683278474148,0.01607631209801772,0,12
28,0.5935775476023705,0.6257301717984058,0.6337683278474148,0.01607631209801772,0,12
29,0.5935775476023705,0.6000827854330438,0.6017090948907122,0.0032526189153367024,0,12
30,0.5935775476023705,0.9187155095204741,1.0,0.1625689809590518,0,12
31,0.5935775476023705,0.9187155095204741,1.0,0.1625689809590518,0,12
32,0.5935775476023705,0.9187155095204741,1.0,0.1625689809590518,0,12
33,0.5935775476023705,0.9187155095204741,1.0,0.1625689809590518,0,12
34,0.5935775476023705,0.5953445170122521,0.5957862593647225,0.0008834847049408179,0,12
35,0.5935775476023705,0.6257301717984058,0.6337683278474148,0.01607631209801772,0,12
36,0.5935775476023705,0.6235180385383823,0.6310031612723853,0.014970245468005938,0,12
37,0.5935775476023705,0.6257301717984058,0.6337683278474148,0.01607631209801772,0,12
38,0.5935775476023705,0.6140436113512074,0.6191601272884167,0.010233031874418508,0,12
39,0.5935775476023705,0.6257301717984058,0.6337683278474148,0.01607631209801772,0,12
40,0.5935775476023705,0.9187155095204741,1.0,0.1625689809590518,0,12
41,0.5935775476023705,0.5953445170122521,0.5957862593647225,0.0008834847049408179,0,12
42,0.5935775476023705,0.9187155095204741,1.0,0.1625689809590518,0,12
43,0.5935775476023705,0.6257301717984058,0.6337683278474148,0.01607631209801772,0,12
44,0.5935775476023705,0.9187155095204741,1.0,0.1625689809590518,0,12
45,0.5935775476023705,0.9187155095204741,1.0,0.1625689809590518,0,12
46,0.5935775476023705,0.6257301717984058,0.6337683278474148,0.01607631209801772,0,12
47,0.5935775476023705,0.9187155095204741,1.0,0.1625689809590518,0,12
48,0.5935775476023705,0.6257301717984058,0.6337683278474148,0.01607631209801772,0,12
49,0.5935775476023705,0.9187155095204741,1.0,0.1625689809590518,0,12
50,0.5935775476023705,0.9187155095204741,1.0,0.1625689809590518,0,12
51,0.5935775476023705,0.6257301717984058,0.6337683278474148,0.01607631209801772,0,12
52,0.5935775476023705,0.5953445170122521,0.5957862593647225,0.0008834847049408179,0,12
53,0.5935775476023705,0.6257301717984058,0.6337683278474148,0.01607631209801772,0,12
54,0.5935775476023705,0.9187155095204741,1.0,0.1625689809590518,0,12
55,0.5935775476023705,0.6140436113512074,0.6191601272884167,0.010233031874418508,0,12
56,0.5935775476023705,0.6257301717984058,0.6337683278474148,0.01607631209801772,0,12
57,0.5935775476023705,0.6140436113512074,0.6191601272884167,0.010233031874418508,0,12
58,0.5935775476023705,0.6257301717984058,0.6337683278474148,0.01607631209801772,0,12
59,0.5935775476023705,0.9187155095204741,1.0,0.1625689809590518,0,12
60,0.5935775476023705,0.9187155095204741,1.0,0.1625689809590518,0,12
61,0.5935775476023705,0.6257301717984058,0.6337683278474148,0.01607631209801772,0,12
62,0.5935775476023705,0.6257301717984058,0.6337683278474148,0.01607631209801772,0,12
63,0.5935775476023705,0.6257301717984058,0.6337683278474148,0.01607631209801772,0,12
64,0.5935775476023705,0.9187155095204741,1.0,0.1625689809590518,0,12
65,0.5935775476023705,0.6140436113512074,0.6191601272884167,0.010233031874418508,0,12
66,0.5935775476023705,0.9187155095204741,1.0,0.1625689809590518,0,12
67,0.5935775476023705,0.6257301717984058,0.6337683278474148,0.01607631209801772,0,12
68,0.5935775476023705,0.6000827854330438,0.6017090948907122,0.0032526189153367024,0,12
69,0.5935775476023705,0.6257301717984058,0.6337683278474148,0.01607631209801772,0,12
70,0.5935775476023705,0.9187155095204741,1.0,0.1625689809590518,0,12
71,0.5935775476023705,0.6257301717984058,0.6337683278474148,0.01607631209801772,0,12
72,0.5935775476023705,0.9187155095204741,1.0,0.1625689809590518,0,12
73,0.5935775476023705,0.9187155095204741,1.0,0.1625689809590518,0,12
74,0.5935775476023705,0.5953445170122521,0.5957862593647225,0.0008834847049408179,0,12
75,0.5935775476023705,0.6257301717984058,0.6337683278474148,0.01607631209801772,0,12
76,0.5935775476023705,0.6039056819897641,0.6064877155866125,0.0051640671936968195,0,12
77,0.5935775476023705,0.6257301717984058,0.6337683278474148,0.01607631209801772,0,12
78,0.5935775476023705,0.9187155095204741,1.0,0.1625689809590518,0,12
79,0.5935775476023705,0.6257301717984058,0.6337683278474148,0.01607631209801772,0,12
80,0.5935775476023705,0.9187155095204741,1.0,0.1625689809590518,0,12
81,0.5935775476023705,0.6257301717984058,0.6337683278474148,0.01607631209801772,0,12
82,0.5935775476023705,0.9187155095204741,1.0,0.1625689809590518,0,12
83,0.5935775476023705,0.9187155095204741,1.0,0.1625689809590518,0,12
84,0.5935775476023705,0.6257301717984058,0.6337683278474148,0.01607631209801772,0,12
85,0.5935775476023705,0.5953445170122521,0.5957862593647225,0.0008834847049408179,0,12
86,0.5935775476023705,0.5953445170122521,0.5957862593647225,0.0008834847049408179,0,12
87,0.5935775476023705,0.6257301717984058,0.6337683278474148,0.01607631209801772,0,12
88,0.5935775476023705,0.9187155095204741,1.0,0.1625689809590518,0,12
89,0.5935775476023705,0.9187155095204741,1.0,0.1625689809590518,0,12
90,0.5935775476023705,0.6257301717984058,0.6337683278474148,0.01607631209801772,0,12
91,0.5935775476023705,0.5953445170122521,0.5957862593647225,0.0008834847049408179,0,12
92,0.5935775476023705,0.6257301717984058,0.6337683278474148,0.01607631209801772,0,12
93,0.5935775476023705,0.5953445170122521,0.5957862593647225,0.0008834847049408179,0,12
94,0.5935775476023705,0.9187155095204741,1.0,0.1625689809590518,0,12
95,0.5935775476023705,0.6257301717984058,0.6337683278474148,0.01607631209801772,0,12
96,0.5935775476023705,0.9187155095204741,1.0,0.1625689809590518,0,12
97,0.5935775476023705,0.6257301717984058,0.6337683278474148,0.01607631209801772,0,12
98,0.5935775476023705,0.6235180385383823,0.6310031612723853,0.014970245468005938,0,12
99,0.5935775476023705,0.6257301717984058,0.6337683278474148,0.01607631209801772,0,12
100,0.5935775476023705,0.6257301717984058,0.6337683278474148,0.01607631209801772,0,12
